{
	"credit": "Made with Blockbench",
	"textures": {
		"0": "block/oak_planks",
		"particle": "block/oak_planks"
	},
	"elements": [
		{
			"name": "head",
			"from": [7, 23, 7],
			"to": [9, 30, 9],
			"faces": {
				"north": {"uv": [2.08594, 0.53125, 3.875, 3.13281], "texture": "#0"},
				"east": {"uv": [2.01563, 0.53125, 3.66406, 2.82031], "texture": "#0"},
				"south": {"uv": [2.11719, 0.49219, 3.92188, 2.8125], "texture": "#0"},
				"west": {"uv": [2.11719, 0.53125, 3.89844, 2.91406], "texture": "#0"},
				"up": {"uv": [2.50781, 0, 3.02344, 0.50781], "texture": "#0"},
				"down": {"uv": [0, 0, 0.25, 0.25], "texture": "#0"}
			}
		},
		{
			"name": "body",
			"from": [2, 22, 6.5],
			"to": [14, 25, 9.5],
			"faces": {
				"north": {"uv": [0.77344, 3.99219, 4.73438, 5.30469], "texture": "#0"},
				"east": {"uv": [0.77344, 4.23438, 4.69531, 5.125], "texture": "#0"},
				"south": {"uv": [0.77344, 6.60156, 5.6875, 7.92969], "texture": "#0"},
				"west": {"uv": [0.74219, 4.02344, 4.30469, 5.00781], "texture": "#0"},
				"up": {"uv": [1.30469, 6.5, 5.875, 7.74219], "texture": "#0"},
				"down": {"uv": [0.74219, 6.64063, 5.44531, 7.94531], "texture": "#0"}
			}
		},
		{
			"name": "left_leg",
			"from": [5.1, 1, 7],
			"to": [7.1, 12, 9],
			"shade": false,
			"faces": {
				"north": {"uv": [8.05469, 4.52344, 9.92969, 7.26563], "texture": "#0"},
				"east": {"uv": [2.11719, 0.53125, 3.92188, 2.97656], "texture": "#0"},
				"south": {"uv": [2.39844, 0.92188, 3.88281, 3.17969], "texture": "#0"},
				"west": {"uv": [8.33594, 4.55469, 9.99219, 7.42188], "texture": "#0"},
				"up": {"uv": [0, 0, 0.25, 0.25], "texture": "#0"},
				"down": {"uv": [0, 0, 0.25, 0.25], "texture": "#0"}
			}
		},
		{
			"name": "right_leg",
			"from": [9.05, 1, 7],
			"to": [11.05, 12, 9],
			"faces": {
				"north": {"uv": [0, 0.85156, 1.26563, 2.24219], "texture": "#0"},
				"east": {"uv": [0, 0.77344, 1.51563, 1.99219], "texture": "#0"},
				"south": {"uv": [2.11719, 0.60156, 3.75781, 3.05469], "texture": "#0"},
				"west": {"uv": [2.25781, 0.67188, 4.0625, 2.22656], "texture": "#0"},
				"up": {"uv": [0, 0, 0.25, 0.25], "texture": "#0"},
				"down": {"uv": [0, 0, 0.25, 0.25], "texture": "#0"}
			}
		},
		{
			"name": "right",
			"from": [5, 14, 7],
			"to": [7, 22.4, 9],
			"faces": {
				"north": {"uv": [9.38281, 4.60156, 11.32813, 6.53906], "texture": "#0"},
				"east": {"uv": [8.15625, 4.52344, 9.97656, 7.47656], "texture": "#0"},
				"south": {"uv": [2.04688, 0.70313, 4.00781, 3.20313], "texture": "#0"},
				"west": {"uv": [8.08594, 4.55469, 9.89063, 7.42188], "texture": "#0"},
				"up": {"uv": [0, 0, 0.25, 0.25], "texture": "#0"},
				"down": {"uv": [0, 0, 0.25, 0.25], "texture": "#0"}
			}
		},
		{
			"name": "left",
			"from": [9, 14, 7],
			"to": [11, 22.4, 9],
			"faces": {
				"north": {"uv": [0, 0.85156, 1.55469, 2.07813], "texture": "#0"},
				"east": {"uv": [2.36719, 0.63281, 3.78125, 3.15625], "texture": "#0"},
				"south": {"uv": [8.26563, 4.97656, 9.85156, 6.75], "texture": "#0"},
				"west": {"uv": [2.15625, 0.77344, 3.71094, 2.84375], "texture": "#0"},
				"up": {"uv": [0, 0, 0.25, 0.25], "texture": "#0"},
				"down": {"uv": [0, 0, 0.25, 0.25], "texture": "#0"}
			}
		},
		{
			"name": "waist",
			"from": [4, 12, 7],
			"to": [12, 14, 9],
			"faces": {
				"north": {"uv": [1.27344, 6.64063, 6.32813, 7.98438], "texture": "#0"},
				"east": {"uv": [2.01563, 6.5, 4.67969, 7.90625], "texture": "#0"},
				"south": {"uv": [0.85156, 4.0625, 4.70313, 5], "texture": "#0"},
				"west": {"uv": [2.92969, 6.60156, 4.92969, 7.74219], "texture": "#0"},
				"up": {"uv": [2.29688, 6.53125, 6.10156, 7.73438], "texture": "#0"},
				"down": {"uv": [0.99219, 6.60156, 6.25781, 7.74219], "texture": "#0"}
			}
		},
		{
			"name": "base",
			"from": [2, 0, 2],
			"to": [14, 1.5, 14],
			"faces": {
				"north": {"uv": [3.71094, 8.65625, 8, 10.32031], "texture": "#0"},
				"east": {"uv": [3.21094, 8.08594, 8.19531, 10.53125], "texture": "#0"},
				"south": {"uv": [3.32031, 8.08594, 8.23438, 10.60156], "texture": "#0"},
				"west": {"uv": [4.20313, 8.79688, 8.61719, 11.14063], "texture": "#0"},
				"up": {"uv": [3.17188, 8.24219, 7.96094, 11.20313], "texture": "#0"},
				"down": {"uv": [3.25, 8.125, 8.8125, 11.0625], "texture": "#0"}
			}
		},
		{
			"name": "base",
			"from": [3, 1.5, 3.25],
			"to": [13, 2, 13],
			"faces": {
				"north": {"uv": [3.14063, 9.25, 8.89063, 10.25], "texture": "#0"},
				"east": {"uv": [4.0625, 8.29688, 8.8125, 10.04688], "texture": "#0"},
				"south": {"uv": [3.21094, 8.54688, 8.75781, 10.04688], "texture": "#0"},
				"west": {"uv": [4.24219, 8.36719, 8.03125, 10.42188], "texture": "#0"},
				"up": {"uv": [3.71094, 8.03906, 7.21875, 10.67188], "texture": "#0"},
				"down": {"uv": [0, 0, 0.25, 0.25], "texture": "#0"}
			}
		}
	],
	"display": {
		"thirdperson_righthand": {
			"rotation": [75, 45, 0],
			"translation": [0, 2.5, 0],
			"scale": [0.375, 0.375, 0.375]
		},
		"thirdperson_lefthand": {
			"rotation": [75, 45, 0],
			"translation": [0, 2.5, 0],
			"scale": [0.375, 0.375, 0.375]
		},
		"firstperson_righthand": {
			"rotation": [0, 45, 0],
			"scale": [0.4, 0.4, 0.4]
		},
		"firstperson_lefthand": {
			"rotation": [0, 225, 0],
			"scale": [0.4, 0.4, 0.4]
		},
		"ground": {
			"translation": [0, 3, 0],
			"scale": [0.25, 0.25, 0.25]
		},
		"gui": {
			"rotation": [30, 225, 0],
			"translation": [0, -2.25, 0],
			"scale": [0.5, 0.5, 0.5]
		},
		"head": {
			"rotation": [0, 180, 0],
			"translation": [0, 13, 0.25]
		},
		"fixed": {
			"rotation": [-90, 33, 0],
			"translation": [-6.5, -6.25, -4],
			"scale": [0.5, 0.5, 0.5]
		}
	},
	"groups": [
		{
			"name": "head",
			"origin": [0, 23, 0],
			"color": 0,
			"children": [0]
		},
		{
			"name": "body",
			"origin": [0, 24, 0],
			"color": 0,
			"children": [1]
		},
		{
			"name": "left_arm",
			"origin": [5, 22, 0],
			"color": 0,
			"shade": false,
			"children": []
		},
		{
			"name": "right_arm",
			"origin": [-5, 22, 0],
			"color": 0,
			"children": []
		},
		{
			"name": "left_leg",
			"origin": [1.85, 12, 0],
			"color": 0,
			"shade": false,
			"children": [2]
		},
		{
			"name": "right_leg",
			"origin": [-1.85, 12, 0],
			"color": 0,
			"children": [3]
		},
		{
			"name": "right",
			"origin": [0, 24, 0],
			"color": 0,
			"children": [4]
		},
		{
			"name": "left",
			"origin": [0, 24, 0],
			"color": 0,
			"children": [5]
		},
		{
			"name": "waist",
			"origin": [0, 24, 0],
			"color": 0,
			"children": [6]
		},
		{
			"name": "base",
			"origin": [0, 12, 0],
			"color": 0,
			"children": [7, 8]
		}
	]
}