{
	"credit": "Made with Blockbench",
	"parent": "item/bow",
	"textures": {
		"layer0": "item/bow"
	},
	"display": {
		"thirdperson_righthand": {
			"rotation": [-80, 260, -40],
			"translation": [0, -2, 4.5],
			"scale": [1.3, 1.3, 1.3]
		},
		"thirdperson_lefthand": {
			"rotation": [-80, -280, 40],
			"translation": [-1, -2, 2.5],
			"scale": [1.3, 1.3, 1.3]
		},
		"firstperson_righthand": {
			"rotation": [0, -90, 25],
			"translation": [1.13, 3.2, 1.13],
			"scale": [1.3, 1.3, 0.58]
		},
		"firstperson_lefthand": {
			"rotation": [0, 90, -25],
			"translation": [1.13, 3.2, 1.13],
			"scale": [1.3, 1.3, 1.3]
		},
		"ground": {
			"rotation": [0, 0, -28]
		},
		"head": {
			"rotation": [0, -90, 25],
			"translation": [0, 3.2, 1.13],
			"scale": [1.3, 1.3, 1.3]
		},
		"fixed": {
			"translation": [0, 0, -0.25],
			"scale": [2, 2, 2]
		}
	}
}