{
	"credit": "Made with Blockbench",
	"parent": "item/generated",
	"textures": {
		"layer0": "item/crossbow_standby"
	},
	"overrides": [
		{"predicate": {"pulling": 1}, "model": "item/crossbow_pulling_0"},
		{"predicate": {"pulling": 1, "pull": 0.58}, "model": "item/crossbow_pulling_1"},
		{"predicate": {"pulling": 1, "pull": 1}, "model": "item/crossbow_pulling_2"},
		{"predicate": {"charged": 1}, "model": "item/crossbow_arrow"},
		{"predicate": {"charged": 1, "firework": 1}, "model": "item/crossbow_firework"}
	],
	"display": {
		"thirdperson_righthand": {
			"rotation": [-90, 0, 45]
		},
		"thirdperson_lefthand": {
			"rotation": [-90, 0, -45]
		},
		"firstperson_righthand": {
			"rotation": [-90, 0, 35],
			"translation": [1, 3, 2.5]
		},
		"firstperson_lefthand": {
			"rotation": [-90, 0, -56],
			"translation": [1, 3, 2.5]
		},
		"ground": {
			"rotation": [90, 0, 0],
			"translation": [0, -2.5, 0]
		},
		"gui": {
			"scale": [1.3, 1.3, 1.3]
		},
		"fixed": {
			"translation": [0, 0, -0.5],
			"scale": [2, 2, 2]
		}
	}
}