{
	"credit": "Made with Blockbench",
	"textures": {
		"2": "models/armor/diamond_layer_1"
	},
	"elements": [
		{
			"from": [12.02, 0.02, 6.02],
			"to": [15.98, 11.98, 9.98],
			"rotation": {"angle": 22.5, "axis": "z", "origin": [12, 10, 8]},
			"faces": {
				"north": {"uv": [11, 10, 12, 16], "texture": "#2"},
				"east": {"uv": [10.10156, 10.03125, 11.10156, 16.03125], "texture": "#2"},
				"south": {"uv": [13, 10, 14, 16], "texture": "#2"},
				"west": {"uv": [12, 10, 13, 16], "texture": "#2"},
				"up": {"uv": [11, 8, 12, 10], "rotation": 180, "texture": "#2"},
				"down": {"uv": [9.01563, 7.38281, 8.01563, 9.38281], "texture": "#2"}
			}
		},
		{
			"from": [0.02, 0.02, 6.02],
			"to": [3.98, 11.98, 9.98],
			"rotation": {"angle": -22.5, "axis": "z", "origin": [4, 10, 8]},
			"faces": {
				"north": {"uv": [12, 10, 11, 16], "texture": "#2"},
				"east": {"uv": [13, 10, 12, 16], "texture": "#2"},
				"south": {"uv": [13.89063, 10, 13, 16], "texture": "#2"},
				"west": {"uv": [11.38281, 10.03906, 10.38281, 16.03906], "texture": "#2"},
				"up": {"uv": [12, 8, 11, 10], "rotation": 180, "texture": "#2"},
				"down": {"uv": [7.48438, 7.27344, 8.48438, 9.27344], "texture": "#2"}
			}
		},
		{
			"from": [3.5, -0.5, 5.5],
			"to": [12.5, 12.5, 10.5],
			"faces": {
				"north": {"uv": [5, 10, 7, 16], "texture": "#2"},
				"east": {"uv": [4, 10, 5, 16], "texture": "#2"},
				"south": {"uv": [8.01563, 10.03906, 10.01563, 16.03906], "texture": "#2"},
				"west": {"uv": [7, 10, 8, 16], "texture": "#2"},
				"up": {"uv": [5, 8, 7, 10], "rotation": 180, "texture": "#2"},
				"down": {"uv": [7, 8, 9, 10], "texture": "#2"}
			}
		},
		{
			"from": [4, 0, 6],
			"to": [12, 12, 10],
			"faces": {
				"north": {"uv": [5, 10, 7, 16], "texture": "#2"},
				"east": {"uv": [4, 10, 5, 16], "texture": "#2"},
				"south": {"uv": [8, 10, 10, 16], "texture": "#2"},
				"west": {"uv": [7, 10, 8, 16], "texture": "#2"},
				"up": {"uv": [5, 8, 7, 10], "rotation": 180, "texture": "#2"},
				"down": {"uv": [7, 8, 9, 10], "texture": "#2"}
			}
		}
	],
	"display": {
		"thirdperson_righthand": {
			"rotation": [45, 0, 0],
			"scale": [0.8, 0.8, 0.8]
		},
		"thirdperson_lefthand": {
			"rotation": [45, 0, 0],
			"scale": [0.8, 0.8, 0.8]
		},
		"firstperson_righthand": {
			"scale": [0.5, 0.5, 0.5]
		},
		"firstperson_lefthand": {
			"scale": [0.5, 0.5, 0.5]
		},
		"ground": {
			"scale": [0.8, 0.8, 0.8]
		},
		"gui": {
			"rotation": [30, 135, 0],
			"scale": [0.8, 0.8, 0.8]
		},
		"fixed": {
			"rotation": [-3.75, 0, 0],
			"translation": [0, 2, 0],
			"scale": [1.2, 1.2, 1.2]
		}
	}
}