{
	"credit": "Made with Blockbench",
	"textures": {
		"0": "models/armor/diamond_layer_1",
		"particle": "models/armor/diamond_layer_1"
	},
	"elements": [
		{
			"from": [8.52, 0.02, 6.02],
			"to": [12.48, 11.98, 9.98],
			"rotation": {"angle": 0, "axis": "y", "origin": [8, 10, 8]},
			"faces": {
				"north": {"uv": [1, 10, 2, 16], "texture": "#0"},
				"east": {"uv": [0, 10, 1, 16], "texture": "#0"},
				"south": {"uv": [3, 10, 4, 16], "texture": "#0"},
				"west": {"uv": [2, 10, 3, 16], "texture": "#0"},
				"up": {"uv": [1, 8, 2, 10], "rotation": 180, "texture": "#0"},
				"down": {"uv": [3, 8, 2, 10], "texture": "#0"}
			}
		},
		{
			"from": [8.12, -0.38, 5.62],
			"to": [12.88, 12.38, 10.38],
			"rotation": {"angle": 0, "axis": "y", "origin": [8, 10, 8]},
			"faces": {
				"north": {"uv": [1, 12.9375, 2, 16], "texture": "#0"},
				"east": {"uv": [0, 12.9375, 1, 16], "texture": "#0"},
				"south": {"uv": [4, 13.03906, 3, 16], "texture": "#0"},
				"west": {"uv": [2, 10, 3, 16], "texture": "#0"},
				"up": {"uv": [1, 8, 2, 10], "rotation": 180, "texture": "#0"},
				"down": {"uv": [3, 8, 2, 10], "texture": "#0"}
			}
		},
		{
			"from": [3.52, 0.02, 6.02],
			"to": [7.48, 11.98, 9.98],
			"rotation": {"angle": 0, "axis": "y", "origin": [8, 10, 8]},
			"faces": {
				"north": {"uv": [2, 10, 1, 16], "texture": "#0"},
				"east": {"uv": [3, 10, 2, 16], "texture": "#0"},
				"south": {"uv": [4, 10, 3, 16], "texture": "#0"},
				"west": {"uv": [1, 10, 0, 16], "texture": "#0"},
				"up": {"uv": [2, 8, 1, 10], "rotation": 180, "texture": "#0"},
				"down": {"uv": [2, 8, 3, 10], "texture": "#0"}
			}
		},
		{
			"from": [2.62, -0.38, 5.62],
			"to": [7.38, 12.38, 10.38],
			"rotation": {"angle": 0, "axis": "y", "origin": [8, 10, 8]},
			"faces": {
				"north": {"uv": [1, 12.9375, 2, 16], "texture": "#0"},
				"east": {"uv": [3, 10, 2, 16], "texture": "#0"},
				"south": {"uv": [4, 13.03906, 3, 16], "texture": "#0"},
				"west": {"uv": [1, 13.07813, 0, 16], "texture": "#0"},
				"up": {"uv": [2, 8, 1, 10], "rotation": 180, "texture": "#0"},
				"down": {"uv": [2, 8, 3, 10], "texture": "#0"}
			}
		}
	],
	"display": {
		"thirdperson_righthand": {
			"rotation": [45, 0, 0],
			"scale": [0.9, 0.9, 0.9]
		},
		"thirdperson_lefthand": {
			"rotation": [45, 0, 0],
			"scale": [0.9, 0.9, 0.9]
		},
		"firstperson_righthand": {
			"scale": [0.5, 0.5, 0.5]
		},
		"firstperson_lefthand": {
			"scale": [0.5, 0.5, 0.5]
		},
		"ground": {
			"scale": [0.9, 0.9, 0.9]
		},
		"gui": {
			"rotation": [30, 135, 0],
			"translation": [0, 1, 0],
			"scale": [0.9, 0.9, 0.9]
		},
		"fixed": {
			"rotation": [5, 0, 0],
			"translation": [0, 2, 0],
			"scale": [1.3, 1.3, 1.3]
		}
	}
}