{
	"credit": "Made with Blockbench",
	"textures": {
		"0": "models/armor/leather_layer_1",
		"particle": "models/armor/leather_layer_1"
	},
	"elements": [
		{
			"from": [8.52, 3.02, 6.02],
			"to": [12.48, 8.98, 9.98],
			"rotation": {"angle": 0, "axis": "y", "origin": [8, 10, 8]},
			"faces": {
				"north": {"uv": [1, 13, 2, 16], "texture": "#0"},
				"east": {"uv": [0, 13, 1, 16], "texture": "#0"},
				"south": {"uv": [3, 13, 4, 16], "texture": "#0"},
				"west": {"uv": [2, 13, 3, 16], "texture": "#0"},
				"up": {"uv": [1, 8, 2, 10], "rotation": 180, "texture": "#0"},
				"down": {"uv": [3, 8, 2, 10], "texture": "#0"}
			}
		},
		{
			"from": [8.12, 2.62, 5.62],
			"to": [12.88, 9.38, 10.38],
			"rotation": {"angle": 0, "axis": "y", "origin": [8, 10, 8]},
			"faces": {
				"north": {"uv": [1, 13, 2, 16], "texture": "#0"},
				"east": {"uv": [0, 13, 1, 16], "texture": "#0"},
				"south": {"uv": [3, 13, 4, 16], "texture": "#0"},
				"west": {"uv": [2, 13, 3, 16], "texture": "#0"},
				"up": {"uv": [1, 8, 2, 10], "rotation": 180, "texture": "#0"},
				"down": {"uv": [3, 8, 2, 10], "texture": "#0"}
			}
		},
		{
			"from": [2.32, 3.02, 6.02],
			"to": [6.28, 8.98, 9.98],
			"rotation": {"angle": 0, "axis": "y", "origin": [8, 10, 8]},
			"faces": {
				"north": {"uv": [2, 13, 1, 16], "texture": "#0"},
				"east": {"uv": [3, 13, 2, 16], "texture": "#0"},
				"south": {"uv": [4, 13, 3, 16], "texture": "#0"},
				"west": {"uv": [1, 13, 0, 16], "texture": "#0"},
				"up": {"uv": [2, 8, 1, 10], "rotation": 180, "texture": "#0"},
				"down": {"uv": [2, 8, 3, 10], "texture": "#0"}
			}
		},
		{
			"from": [2.12, 2.62, 5.62],
			"to": [6.88, 9.38, 10.38],
			"rotation": {"angle": 0, "axis": "y", "origin": [8, 10, 8]},
			"faces": {
				"north": {"uv": [2, 13, 1, 16], "texture": "#0"},
				"east": {"uv": [3, 13, 2, 16], "texture": "#0"},
				"south": {"uv": [4, 13, 3, 16], "texture": "#0"},
				"west": {"uv": [1, 13, 0, 16], "texture": "#0"},
				"up": {"uv": [2, 8, 1, 10], "rotation": 180, "texture": "#0"},
				"down": {"uv": [2, 8, 3, 10], "texture": "#0"}
			}
		}
	],
	"display": {
		"thirdperson_righthand": {
			"rotation": [45, 0, 0],
			"scale": [0.9, 0.9, 0.9]
		},
		"thirdperson_lefthand": {
			"rotation": [45, 0, 0],
			"scale": [0.9, 0.9, 0.9]
		},
		"firstperson_righthand": {
			"scale": [0.5, 0.5, 0.5]
		},
		"firstperson_lefthand": {
			"scale": [0.5, 0.5, 0.5]
		},
		"ground": {
			"scale": [0.9, 0.9, 0.9]
		},
		"gui": {
			"rotation": [30, 135, 0],
			"scale": [0.9, 0.9, 0.9]
		},
		"fixed": {
			"rotation": [5, 0, 0],
			"scale": [1.3, 1.3, 1.3]
		}
	}
}