{
	"credit": "Made with Blockbench",
	"textures": {
		"0": "custom/shieldiron",
		"1": "custom/shield_wood"
	},
	"elements": [
		{
			"from": [3.7, 0, 6.4],
			"to": [4.9, 24, 7.3],
			"faces": {
				"north": {"uv": [10.78125, 0, 11.98438, 16], "texture": "#0"},
				"east": {"uv": [0, 0, 0.9, 16], "texture": "#0"},
				"south": {"uv": [0, 0, 1.2, 16], "texture": "#0"},
				"west": {"uv": [0, 0, 0.9, 16], "texture": "#0"},
				"up": {"uv": [0, 0, 1.2, 0.9], "texture": "#0"},
				"down": {"uv": [0, 0, 1.2, 0.9], "texture": "#0"}
			}
		},
		{
			"from": [4.9, 0, 6.4],
			"to": [15.1, 1.4, 7.3],
			"faces": {
				"north": {"uv": [0, 0, 10.2, 1.4], "texture": "#0"},
				"east": {"uv": [0, 0, 0.9, 1.4], "texture": "#0"},
				"south": {"uv": [0, 0, 10.2, 1.4], "texture": "#0"},
				"west": {"uv": [0, 0, 0.9, 1.4], "texture": "#0"},
				"up": {"uv": [0, 0, 10.2, 0.9], "texture": "#0"},
				"down": {"uv": [0, 0, 10.2, 0.9], "texture": "#0"}
			}
		},
		{
			"from": [4.5, 1.5, 6.7],
			"to": [15.1, 22.6, 7.1],
			"faces": {
				"north": {"uv": [0, 0, 16, 15.98438], "texture": "#1"},
				"east": {"uv": [0, 0, 0.9, 1.4], "texture": "#1"},
				"south": {"uv": [0, 0, 16, 15.98438], "texture": "#1"},
				"west": {"uv": [0, 0, 0.9, 1.4], "texture": "#1"},
				"up": {"uv": [0, 0, 10.2, 0.9], "texture": "#1"},
				"down": {"uv": [0, 0, 10.2, 0.9], "texture": "#1"}
			}
		},
		{
			"from": [4.9, 22.6, 6.4],
			"to": [15.1, 24, 7.3],
			"faces": {
				"north": {"uv": [2.0625, 1.98438, 12.26563, 3.39063], "texture": "#0"},
				"east": {"uv": [0, 0, 0.9, 1.4], "texture": "#0"},
				"south": {"uv": [3.29688, 4.98438, 13.5, 6.39063], "texture": "#0"},
				"west": {"uv": [0, 0, 0.9, 1.4], "texture": "#0"},
				"up": {"uv": [0, 0, 10.2, 0.9], "texture": "#0"},
				"down": {"uv": [0, 0, 10.2, 0.9], "texture": "#0"}
			}
		},
		{
			"from": [15, 0, 6.4],
			"to": [16.2, 24, 7.3],
			"faces": {
				"north": {"uv": [12.54688, 0, 13.75, 16], "texture": "#0"},
				"east": {"uv": [0, 0, 0.9, 16], "texture": "#0"},
				"south": {"uv": [8.73438, 0, 9.9375, 16], "texture": "#0"},
				"west": {"uv": [0, 0, 0.9, 16], "texture": "#0"},
				"up": {"uv": [0, 0, 1.2, 0.9], "texture": "#0"},
				"down": {"uv": [0, 0, 1.2, 0.9], "texture": "#0"}
			}
		},
		{
			"from": [10.95, 9.15, 7],
			"to": [12.1, 14.05, 11.9],
			"rotation": {"angle": 0, "axis": "z", "origin": [10.05, 13.9, 9.55]},
			"faces": {
				"north": {"uv": [0, 0, 0.9, 6.4], "rotation": 270, "texture": "#0"},
				"east": {"uv": [0, 0, 0.9, 1.2], "rotation": 90, "texture": "#0"},
				"south": {"uv": [1.09375, 3.89063, 14.45313, 14.03125], "rotation": 90, "texture": "#0"},
				"west": {"uv": [0, 0, 8.8125, 7.14063], "rotation": 90, "texture": "#0"},
				"up": {"uv": [0, 0, 6.70313, 7.9375], "rotation": 90, "texture": "#0"},
				"down": {"uv": [2.71875, 3.15625, 13.25, 13.65625], "rotation": 90, "texture": "#0"}
			}
		},
		{
			"from": [7.45, 9.15, 7],
			"to": [8.6, 14.05, 11.9],
			"rotation": {"angle": 0, "axis": "z", "origin": [10.05, 13.9, 9.55]},
			"faces": {
				"north": {"uv": [0, 0, 0.9, 6.4], "rotation": 270, "texture": "#0"},
				"east": {"uv": [0, 0, 0.9, 1.2], "rotation": 90, "texture": "#0"},
				"south": {"uv": [1.09375, 3.89063, 14.45313, 14.03125], "rotation": 90, "texture": "#0"},
				"west": {"uv": [0, 0, 8.8125, 7.14063], "rotation": 90, "texture": "#0"},
				"up": {"uv": [0, 0, 6.70313, 7.9375], "rotation": 90, "texture": "#0"},
				"down": {"uv": [2.71875, 3.15625, 13.25, 13.65625], "rotation": 90, "texture": "#0"}
			}
		}
	],
	"overrides": [
		{"predicate": {"blocking": 1}, "model": "item/shield_blocking"}
	],
	"display": {
		"thirdperson_righthand": {
			"rotation": [0, -90, 0],
			"translation": [1.55, -5.5, 2.75]
		},
		"thirdperson_lefthand": {
			"rotation": [0, -90, 0],
			"translation": [1.55, -5.75, 7]
		},
		"firstperson_righthand": {
			"rotation": [2.7, -14, 0],
			"translation": [-1, -10, -1.75]
		},
		"firstperson_lefthand": {
			"rotation": [2.6, 0, 0],
			"translation": [2.75, -9.75, 0]
		},
		"ground": {
			"translation": [-0.75, 2, 0],
			"scale": [0.5, 0.5, 0.27]
		},
		"gui": {
			"rotation": [0, 146.5, 0],
			"translation": [0.75, -2.5, 0],
			"scale": [0.73, 0.64, 1]
		},
		"head": {
			"translation": [0, -29, 0],
			"scale": [1.6, 1.6, 1.6]
		},
		"fixed": {
			"rotation": [0, 1.5, 0],
			"translation": [-5, -9.5, 0.75],
			"scale": [2.5, 2.5, 2.5]
		}
	},
	"groups": [
		0,
		1,
		2,
		3,
		4,
		5,
		6,
		{
			"name": "steve",
			"origin": [8, 8, 8],
			"color": 0,
			"children": []
		}
	]
}