{
	"credit": "Made with Blockbench",
	"ambientocclusion": false,
	"textures": {
		"particle": "block/grass_short1",
		"cross": "block/grass_short1"
	},
	"elements": [
		{
			"from": [0, 5, 0],
			"to": [16, 16, 0],
			"shade": false,
			"rotation": {"angle": 22.5, "axis": "x", "origin": [8, 16, 0]},
			"faces": {
				"north": {"uv": [16, 5, 0, 16], "rotation": 180, "texture": "#cross", "cullface": "north", "tintindex": 0},
				"south": {"uv": [0, 5, 16, 16], "rotation": 180, "texture": "#cross", "cullface": "north", "tintindex": 0}
			}
		},
		{
			"from": [0, 5, 16],
			"to": [16, 16, 16],
			"shade": false,
			"rotation": {"angle": -22.5, "axis": "x", "origin": [8, 16, 16]},
			"faces": {
				"north": {"uv": [16, 5, 0, 16], "rotation": 180, "texture": "#cross", "cullface": "south", "tintindex": 0},
				"south": {"uv": [0, 5, 16, 16], "rotation": 180, "texture": "#cross", "cullface": "south", "tintindex": 0}
			}
		},
		{
			"from": [0, 7, 0],
			"to": [0, 16, 16],
			"shade": false,
			"rotation": {"angle": -22.5, "axis": "z", "origin": [0, 16, 8]},
			"faces": {
				"east": {"uv": [16, 7, 0, 16], "rotation": 180, "texture": "#cross", "cullface": "west", "tintindex": 0},
				"west": {"uv": [0, 7, 16, 16], "rotation": 180, "texture": "#cross", "cullface": "west", "tintindex": 0}
			}
		},
		{
			"from": [16, 7, 0],
			"to": [16, 16, 16],
			"shade": false,
			"rotation": {"angle": 22.5, "axis": "z", "origin": [16, 16, 8]},
			"faces": {
				"east": {"uv": [16, 7, 0, 16], "rotation": 180, "texture": "#cross", "cullface": "east", "tintindex": 0},
				"west": {"uv": [0, 7, 16, 16], "rotation": 180, "texture": "#cross", "cullface": "east", "tintindex": 0}
			}
		}
	]
}