{
	"credit": "Made with Blockbench",
	"ambientocclusion": false,
	"textures": {
		"particle": "block/grass3",
		"cross": "block/grass3"
	},
	"elements": [
		{
			"from": [0, 16, 9],
			"to": [16, 26, 9],
			"shade": false,
			"rotation": {"angle": -22.5, "axis": "y", "origin": [8, 26, 9]},
			"faces": {
				"north": {"uv": [0, 4.6875, 16, 14.6875], "texture": "#cross", "cullface": "up", "tintindex": 0},
				"south": {"uv": [16, 4.6875, 0, 14.6875], "texture": "#cross", "cullface": "up", "tintindex": 0}
			}
		},
		{
			"from": [9, 16, 0],
			"to": [9, 24, 16],
			"shade": false,
			"rotation": {"angle": -22.5, "axis": "y", "origin": [9, 24, 8]},
			"faces": {
				"east": {"uv": [16, 6, 0, 14], "texture": "#cross", "cullface": "up", "tintindex": 0},
				"west": {"uv": [0, 6, 16, 14], "texture": "#cross", "cullface": "up", "tintindex": 0}
			}
		}
	]
}