{
	"credit": "Made with Blockbench",
	"parent": "block/cube_all",
	"textures": {
		"1": "block/oak_leaves2",
		"2": "block/oak_leaves",
		"particle": "block/oak_leaves2"
	},
	"elements": [
		{
			"from": [-13.5, 6, 0],
			"to": [2.5, 6, 16],
			"rotation": {"angle": 45, "axis": "z", "origin": [2.5, 6, 12]},
			"faces": {
				"north": {"uv": [0, 0, 0, 0], "texture": "#1"},
				"east": {"uv": [0, 0, 0, 0], "texture": "#1"},
				"south": {"uv": [0, 0, 0, 0], "texture": "#1"},
				"west": {"uv": [0, 0, 0, 0], "texture": "#1"},
				"up": {"uv": [16, 16, 0, 0], "rotation": 270, "texture": "#1", "tintindex": 0},
				"down": {"uv": [0, 16, 16, 0], "rotation": 270, "texture": "#1", "tintindex": 0}
			}
		},
		{
			"from": [-7.1, -5.55, 9],
			"to": [8.9, 10.45, 9],
			"rotation": {"angle": -45, "axis": "x", "origin": [4, 9, 9]},
			"faces": {
				"north": {"uv": [0, 16, 16, 0], "rotation": 90, "texture": "#2", "tintindex": 0},
				"east": {"uv": [0, 0, 0, 0], "texture": "#2"},
				"south": {"uv": [16, 16, 0, 0], "rotation": 270, "texture": "#2", "tintindex": 0},
				"west": {"uv": [0, 0, 0, 0], "texture": "#2"},
				"up": {"uv": [0, 0, 0, 0], "texture": "#2"},
				"down": {"uv": [0, 0, 0, 0], "texture": "#2"}
			}
		},
		{
			"from": [-5.6, 14, 6],
			"to": [10.4, 14, 22],
			"rotation": {"angle": 22.5, "axis": "z", "origin": [10.4, 14, 18]},
			"faces": {
				"north": {"uv": [0, 0, 0, 0], "texture": "#2"},
				"east": {"uv": [0, 0, 0, 0], "texture": "#2"},
				"south": {"uv": [0, 0, 0, 0], "texture": "#2"},
				"west": {"uv": [0, 0, 0, 0], "texture": "#2"},
				"up": {"uv": [0, 16, 16, 0], "rotation": 180, "texture": "#2", "tintindex": 0},
				"down": {"uv": [16, 16, 0, 0], "texture": "#2", "tintindex": 0}
			}
		},
		{
			"from": [12, -2, -1],
			"to": [12, 14, 15],
			"rotation": {"angle": -22.5, "axis": "y", "origin": [12, 10, -1]},
			"faces": {
				"north": {"uv": [0, 0, 0, 0], "texture": "#1"},
				"east": {"uv": [0, 16, 16, 0], "rotation": 90, "texture": "#1", "tintindex": 0},
				"south": {"uv": [0, 0, 0, 0], "texture": "#1"},
				"west": {"uv": [16, 16, 0, 0], "rotation": 270, "texture": "#1", "tintindex": 0},
				"up": {"uv": [0, 0, 0, 0], "texture": "#1"},
				"down": {"uv": [0, 0, 0, 0], "texture": "#1"}
			}
		},
		{
			"from": [6, -6, 4],
			"to": [22, 10, 4],
			"rotation": {"angle": 45, "axis": "x", "origin": [10, 10, 4]},
			"faces": {
				"north": {"uv": [16, 16, 0, 0], "rotation": 270, "texture": "#2", "tintindex": 0},
				"east": {"uv": [0, 0, 0, 0], "texture": "#2"},
				"south": {"uv": [0, 16, 16, 0], "rotation": 90, "texture": "#2", "tintindex": 0},
				"west": {"uv": [0, 0, 0, 0], "texture": "#2"},
				"up": {"uv": [0, 0, 0, 0], "texture": "#2"},
				"down": {"uv": [0, 0, 0, 0], "texture": "#2"}
			}
		},
		{
			"from": [4.65685, 11.34315, -1],
			"to": [20.65685, 11.34315, 15],
			"rotation": {"angle": -22.5, "axis": "z", "origin": [12.65685, 12.34315, 5]},
			"faces": {
				"north": {"uv": [0, 0, 0, 0], "texture": "#2"},
				"east": {"uv": [0, 0, 0, 0], "texture": "#2"},
				"south": {"uv": [0, 0, 0, 0], "texture": "#2"},
				"west": {"uv": [0, 0, 0, 0], "texture": "#2"},
				"up": {"uv": [16, 16, 0, 0], "rotation": 90, "texture": "#2", "tintindex": 0},
				"down": {"uv": [0, 16, 16, 0], "rotation": 90, "texture": "#2", "tintindex": 0}
			}
		},
		{
			"from": [6.65685, 0.34315, -10],
			"to": [6.65685, 16.34315, 6],
			"rotation": {"angle": 22.5, "axis": "x", "origin": [7.65685, 6.34315, -2]},
			"faces": {
				"north": {"uv": [0, 0, 0, 0], "texture": "#1"},
				"east": {"uv": [16, 0, 0, 16], "rotation": 270, "texture": "#1", "tintindex": 0},
				"south": {"uv": [0, 0, 0, 0], "texture": "#1"},
				"west": {"uv": [0, 0, 16, 16], "rotation": 90, "texture": "#1", "tintindex": 0},
				"up": {"uv": [0, 0, 0, 0], "texture": "#1"},
				"down": {"uv": [0, 0, 0, 0], "texture": "#1"}
			}
		},
		{
			"from": [8, 9.94272, 4.19731],
			"to": [24, 9.94272, 20.19731],
			"rotation": {"angle": 22.5, "axis": "x", "origin": [16, 8.94272, 13.39731]},
			"faces": {
				"north": {"uv": [0, 0, 0, 0], "texture": "#1"},
				"east": {"uv": [0, 0, 0, 0], "texture": "#1"},
				"south": {"uv": [0, 0, 0, 0], "texture": "#1"},
				"west": {"uv": [0, 0, 0, 0], "texture": "#1"},
				"up": {"uv": [16, 16, 0, 0], "rotation": 180, "texture": "#1", "tintindex": 0},
				"down": {"uv": [0, 16, 16, 0], "texture": "#1", "tintindex": 0}
			}
		},
		{
			"from": [-7.5, 6.4, -11.8],
			"to": [8.5, 6.4, 4.2],
			"rotation": {"angle": -45, "axis": "x", "origin": [-3.5, 6.4, 4.2]},
			"faces": {
				"north": {"uv": [0, 0, 0, 0], "texture": "#2"},
				"east": {"uv": [0, 0, 0, 0], "texture": "#2"},
				"south": {"uv": [0, 0, 0, 0], "texture": "#2"},
				"west": {"uv": [0, 0, 0, 0], "texture": "#2"},
				"up": {"uv": [16, 16, 0, 0], "texture": "#2", "tintindex": 0},
				"down": {"uv": [0, 16, 16, 0], "rotation": 180, "texture": "#2", "tintindex": 0}
			}
		},
		{
			"from": [-7, 2, 6],
			"to": [9, 18, 6],
			"rotation": {"angle": 0, "axis": "z", "origin": [-3, 2, 6]},
			"faces": {
				"north": {"uv": [0, 16, 16, 0], "rotation": 90, "texture": "#1", "tintindex": 0},
				"east": {"uv": [0, 0, 0, 0], "texture": "#1"},
				"south": {"uv": [16, 16, 0, 0], "rotation": 270, "texture": "#1", "tintindex": 0},
				"west": {"uv": [0, 0, 0, 0], "texture": "#1"},
				"up": {"uv": [0, 0, 0, 0], "texture": "#1"},
				"down": {"uv": [0, 0, 0, 0], "texture": "#1"}
			}
		},
		{
			"from": [23.1, -4.9, 0.7],
			"to": [23.1, 11.1, 16.7],
			"rotation": {"angle": 45, "axis": "z", "origin": [23.1, -3.7, 16.7]},
			"faces": {
				"north": {"uv": [0, 0, 0, 0], "texture": "#2"},
				"east": {"uv": [0, 16, 16, 0], "rotation": 180, "texture": "#2", "tintindex": 0},
				"south": {"uv": [0, 0, 0, 0], "texture": "#2"},
				"west": {"uv": [16, 16, 0, 0], "rotation": 180, "texture": "#2", "tintindex": 0},
				"up": {"uv": [0, 0, 0, 0], "texture": "#2"},
				"down": {"uv": [0, 0, 0, 0], "texture": "#2"}
			}
		},
		{
			"from": [7, -8.475, 1.475],
			"to": [7, 7.525, 17.475],
			"rotation": {"angle": 0, "axis": "y", "origin": [7, -7, 7.8]},
			"faces": {
				"north": {"uv": [0, 0, 0, 0], "texture": "#1"},
				"east": {"uv": [16, 16, 0, 0], "rotation": 270, "texture": "#1", "tintindex": 0},
				"south": {"uv": [0, 0, 0, 0], "texture": "#1"},
				"west": {"uv": [0, 16, 16, 0], "rotation": 90, "texture": "#1", "tintindex": 0},
				"up": {"uv": [0, 0, 0, 0], "texture": "#1"},
				"down": {"uv": [0, 0, 0, 0], "texture": "#1"}
			}
		},
		{
			"from": [3, -6, 1.225],
			"to": [3, 10, 17.225],
			"rotation": {"angle": -45, "axis": "x", "origin": [3, -2, 10]},
			"faces": {
				"north": {"uv": [0, 0, 0, 0], "texture": "#2"},
				"east": {"uv": [0, 16, 16, 0], "rotation": 90, "texture": "#2", "tintindex": 0},
				"south": {"uv": [0, 0, 0, 0], "texture": "#2"},
				"west": {"uv": [16, 16, 0, 0], "rotation": 270, "texture": "#2", "tintindex": 0},
				"up": {"uv": [0, 0, 0, 0], "texture": "#2"},
				"down": {"uv": [0, 0, 0, 0], "texture": "#2"}
			}
		},
		{
			"from": [2.85, 9.94272, 3.52231],
			"to": [18.85, 9.94272, 19.52231],
			"rotation": {"angle": 22.5, "axis": "y", "origin": [16, 8.94272, 13.39731]},
			"faces": {
				"north": {"uv": [0, 0, 0, 0], "texture": "#1"},
				"east": {"uv": [0, 0, 0, 0], "texture": "#1"},
				"south": {"uv": [0, 0, 0, 0], "texture": "#1"},
				"west": {"uv": [0, 0, 0, 0], "texture": "#1"},
				"up": {"uv": [16, 16, 0, 0], "rotation": 180, "texture": "#1", "tintindex": 0},
				"down": {"uv": [0, 16, 16, 0], "texture": "#1", "tintindex": 0}
			}
		},
		{
			"from": [12, -2, -1],
			"to": [12, 14, 15],
			"rotation": {"angle": -22.5, "axis": "y", "origin": [12, 10, -1]},
			"faces": {
				"north": {"uv": [0, 0, 0, 0], "texture": "#1"},
				"east": {"uv": [0, 16, 16, 0], "rotation": 90, "texture": "#1", "tintindex": 0},
				"south": {"uv": [0, 0, 0, 0], "texture": "#1"},
				"west": {"uv": [16, 16, 0, 0], "rotation": 270, "texture": "#1", "tintindex": 0},
				"up": {"uv": [0, 0, 0, 0], "texture": "#1"},
				"down": {"uv": [0, 0, 0, 0], "texture": "#1"}
			}
		},
		{
			"from": [-5.775, -6, 10],
			"to": [10.225, 10, 10],
			"rotation": {"angle": -22.5, "axis": "y", "origin": [3, -2, 10]},
			"faces": {
				"north": {"uv": [0, 16, 16, 0], "rotation": 90, "texture": "#1", "tintindex": 0},
				"east": {"uv": [0, 0, 0, 0], "texture": "#1"},
				"south": {"uv": [16, 16, 0, 0], "rotation": 270, "texture": "#1", "tintindex": 0},
				"west": {"uv": [0, 0, 0, 0], "texture": "#1"},
				"up": {"uv": [0, 0, 0, 0], "texture": "#1"},
				"down": {"uv": [0, 0, 0, 0], "texture": "#1"}
			}
		},
		{
			"from": [-0.34315, 0.34315, -1],
			"to": [15.65685, 16.34315, -1],
			"rotation": {"angle": -22.5, "axis": "y", "origin": [7.65685, 6.34315, -2]},
			"faces": {
				"north": {"uv": [16, 0, 0, 16], "rotation": 270, "texture": "#2", "tintindex": 0},
				"east": {"uv": [0, 0, 0, 0], "texture": "#2"},
				"south": {"uv": [0, 0, 16, 16], "rotation": 90, "texture": "#2", "tintindex": 0},
				"west": {"uv": [0, 0, 0, 0], "texture": "#2"},
				"up": {"uv": [0, 0, 0, 0], "texture": "#2"},
				"down": {"uv": [0, 0, 0, 0], "texture": "#2"}
			}
		},
		{
			"from": [6, -5.3, 19],
			"to": [22, 10.7, 19],
			"rotation": {"angle": -22.5, "axis": "x", "origin": [25, -3, 19]},
			"faces": {
				"north": {"uv": [16, 16, 0, 0], "rotation": 270, "texture": "#1", "tintindex": 0},
				"east": {"uv": [0, 0, 0, 0], "texture": "#1"},
				"south": {"uv": [0, 16, 16, 0], "rotation": 90, "texture": "#1", "tintindex": 0},
				"west": {"uv": [0, 0, 0, 0], "texture": "#1"},
				"up": {"uv": [0, 0, 0, 0], "texture": "#1"},
				"down": {"uv": [0, 0, 0, 0], "texture": "#1"}
			}
		}
	],
	"display": {
		"thirdperson_righthand": {
			"rotation": [163, 180, 140],
			"translation": [0, 2, -2],
			"scale": [0.35, 0.35, 0.35]
		},
		"thirdperson_lefthand": {
			"rotation": [78, 63, 0],
			"translation": [0, 2.25, -1],
			"scale": [0.35, 0.35, 0.35]
		},
		"firstperson_righthand": {
			"rotation": [180, 8, 7],
			"translation": [1.5, 0.25, -1],
			"scale": [0.37, 0.35, 0.24844]
		},
		"firstperson_lefthand": {
			"rotation": [1, 0, 6],
			"scale": [0.35, 0.35, 0.23633]
		},
		"ground": {
			"scale": [0.35, 0.35, 0.35]
		},
		"gui": {
			"rotation": [32, 37, -2],
			"scale": [0.59, 0.6, 0.6]
		}
	}
}