{
	"credit": "Made with Blockbench",
	"parent": "minecraft:block/tinted_cross",
	"textures": {
		"1": "block/grass1",
		"particle": "block/grass1",
		"cross": "block/grass3"
	},
	"elements": [
		{
			"from": [-2, 1, 0],
			"to": [14, 1, 16],
			"rotation": {"angle": -22.5, "axis": "z", "origin": [8, 6, 8]},
			"faces": {
				"north": {"uv": [0, 0, 0, 16], "rotation": 90, "texture": "#cross"},
				"east": {"uv": [0, 0, 0, 16], "rotation": 270, "texture": "#cross"},
				"south": {"uv": [0, 0, 0, 16], "rotation": 270, "texture": "#cross"},
				"west": {"uv": [0, 0, 0, 16], "rotation": 270, "texture": "#cross"},
				"up": {"uv": [0, 0, 16, 16], "rotation": 270, "texture": "#cross"},
				"down": {"uv": [0, 0, 16, 16], "rotation": 270, "texture": "#cross"}
			}
		},
		{
			"from": [2, 1, 0],
			"to": [18, 1, 16],
			"rotation": {"angle": 22.5, "axis": "z", "origin": [8, 6, 8]},
			"faces": {
				"north": {"uv": [0, 0, 0, 16], "rotation": 270, "texture": "#cross"},
				"east": {"uv": [0, 0, 0, 16], "rotation": 90, "texture": "#cross"},
				"south": {"uv": [0, 0, 0, 16], "rotation": 90, "texture": "#cross"},
				"west": {"uv": [0, 0, 0, 16], "rotation": 90, "texture": "#cross"},
				"up": {"uv": [0, 0, 16, 16], "rotation": 90, "texture": "#cross"},
				"down": {"uv": [0, 0, 16, 16], "rotation": 90, "texture": "#cross"}
			}
		},
		{
			"from": [0, 1, -2],
			"to": [16, 1, 14],
			"rotation": {"angle": 22.5, "axis": "x", "origin": [8, 6, 8]},
			"faces": {
				"north": {"uv": [0, 0, 0, 16], "rotation": 270, "texture": "#cross"},
				"east": {"uv": [0, 0, 0, 16], "rotation": 90, "texture": "#cross"},
				"south": {"uv": [0, 0, 0, 16], "rotation": 270, "texture": "#cross"},
				"west": {"uv": [0, 0, 0, 16], "rotation": 270, "texture": "#cross"},
				"up": {"uv": [0, 0, 16, 16], "texture": "#cross"},
				"down": {"uv": [0, 0, 16, 16], "rotation": 180, "texture": "#cross"}
			}
		},
		{
			"from": [0, 0, 4],
			"to": [16, 0, 20],
			"rotation": {"angle": -22.5, "axis": "x", "origin": [8, 6, 8]},
			"faces": {
				"north": {"uv": [0, 0, 0, 16], "rotation": 90, "texture": "#cross"},
				"east": {"uv": [0, 0, 0, 16], "rotation": 270, "texture": "#cross"},
				"south": {"uv": [0, 0, 0, 16], "rotation": 90, "texture": "#cross"},
				"west": {"uv": [0, 0, 0, 16], "rotation": 90, "texture": "#cross"},
				"up": {"uv": [0, 0, 16, 16], "rotation": 180, "texture": "#cross"},
				"down": {"uv": [0, 0, 16, 16], "texture": "#cross"}
			}
		},
		{
			"from": [6, 0, 0],
			"to": [6, 25, 16],
			"rotation": {"angle": 22.5, "axis": "z", "origin": [8, 8, 8]},
			"faces": {
				"north": {"uv": [0, 0, 0, 16], "texture": "#1"},
				"east": {"uv": [0, 0, 16, 16], "texture": "#1"},
				"south": {"uv": [0, 0, 0, 16], "texture": "#1"},
				"west": {"uv": [0, 0, 16, 16], "texture": "#1"},
				"up": {"uv": [0, 0, 0, 16], "texture": "#1"},
				"down": {"uv": [0, 0, 0, 16], "texture": "#1"}
			}
		},
		{
			"from": [10, 0, 0],
			"to": [10, 25, 16],
			"rotation": {"angle": -22.5, "axis": "z", "origin": [8, 8, 8]},
			"faces": {
				"north": {"uv": [0, 0, 0, 16], "texture": "#1"},
				"east": {"uv": [0, 0, 16, 16], "texture": "#1"},
				"south": {"uv": [0, 0, 0, 16], "texture": "#1"},
				"west": {"uv": [0, 0, 16, 16], "texture": "#1"},
				"up": {"uv": [0, 0, 0, 16], "texture": "#1"},
				"down": {"uv": [0, 0, 0, 16], "texture": "#1"}
			}
		},
		{
			"from": [-3, 0, 6],
			"to": [13, 25, 6],
			"rotation": {"angle": -22.5, "axis": "x", "origin": [8, 8, 8]},
			"faces": {
				"north": {"uv": [0, 0, 16, 16], "texture": "#1"},
				"east": {"uv": [0, 0, 0, 16], "texture": "#1"},
				"south": {"uv": [0, 0, 16, 16], "texture": "#1"},
				"west": {"uv": [0, 0, 0, 16], "texture": "#1"},
				"up": {"uv": [0, 0, 0, 16], "rotation": 90, "texture": "#1"},
				"down": {"uv": [0, 0, 0, 16], "rotation": 270, "texture": "#1"}
			}
		},
		{
			"from": [3, 0, 10],
			"to": [19, 25, 10],
			"rotation": {"angle": 22.5, "axis": "x", "origin": [8, 8, 8]},
			"faces": {
				"north": {"uv": [0, 0, 16, 16], "texture": "#1"},
				"east": {"uv": [0, 0, 0, 16], "texture": "#1"},
				"south": {"uv": [0, 0, 16, 16], "texture": "#1"},
				"west": {"uv": [0, 0, 0, 16], "texture": "#1"},
				"up": {"uv": [0, 0, 0, 16], "rotation": 90, "texture": "#1"},
				"down": {"uv": [0, 0, 0, 16], "rotation": 270, "texture": "#1"}
			}
		},
		{
			"from": [0, 0, 5],
			"to": [16, 16, 5],
			"rotation": {"angle": -45, "axis": "y", "origin": [8, 8, 8]},
			"faces": {
				"north": {"uv": [0, 0, 16, 16], "texture": "#1"},
				"east": {"uv": [0, 0, 0, 16], "texture": "#1"},
				"south": {"uv": [0, 0, 16, 16], "texture": "#1"},
				"west": {"uv": [0, 0, 0, 16], "texture": "#1"},
				"up": {"uv": [0, 0, 0, 16], "rotation": 90, "texture": "#1"},
				"down": {"uv": [0, 0, 0, 16], "rotation": 270, "texture": "#1"}
			}
		},
		{
			"from": [0, 0, 11],
			"to": [16, 16, 11],
			"rotation": {"angle": -45, "axis": "y", "origin": [8, 8, 8]},
			"faces": {
				"north": {"uv": [0, 0, 16, 16], "texture": "#1"},
				"east": {"uv": [0, 0, 0, 16], "texture": "#1"},
				"south": {"uv": [0, 0, 16, 16], "texture": "#1"},
				"west": {"uv": [0, 0, 0, 16], "texture": "#1"},
				"up": {"uv": [0, 0, 0, 16], "rotation": 90, "texture": "#1"},
				"down": {"uv": [0, 0, 0, 16], "rotation": 270, "texture": "#1"}
			}
		},
		{
			"from": [11, 0, 0],
			"to": [11, 16, 16],
			"rotation": {"angle": -45, "axis": "y", "origin": [8, 8, 8]},
			"faces": {
				"north": {"uv": [0, 0, 0, 16], "texture": "#1"},
				"east": {"uv": [0, 0, 16, 16], "texture": "#1"},
				"south": {"uv": [0, 0, 0, 16], "texture": "#1"},
				"west": {"uv": [0, 0, 16, 16], "texture": "#1"},
				"up": {"uv": [0, 0, 0, 16], "rotation": 180, "texture": "#1"},
				"down": {"uv": [0, 0, 0, 16], "rotation": 180, "texture": "#1"}
			}
		},
		{
			"from": [5, 0, 0],
			"to": [5, 16, 16],
			"rotation": {"angle": -45, "axis": "y", "origin": [8, 8, 8]},
			"faces": {
				"north": {"uv": [0, 0, 0, 16], "texture": "#1"},
				"east": {"uv": [0, 0, 16, 16], "texture": "#1"},
				"south": {"uv": [0, 0, 0, 16], "texture": "#1"},
				"west": {"uv": [0, 0, 16, 16], "texture": "#1"},
				"up": {"uv": [0, 0, 0, 16], "rotation": 180, "texture": "#1"},
				"down": {"uv": [0, 0, 0, 16], "rotation": 180, "texture": "#1"}
			}
		}
	],
	"groups": [
		{
			"name": "group",
			"origin": [8, 6, 8],
			"color": 0,
			"children": [0, 1, 2, 3]
		},
		4,
		5,
		6,
		7,
		8,
		9,
		10,
		11
	]
}